Recurso,Pendiente_kg_por_anio,R2_historico,kg_promedio,n_anios
Anchoveta (Cetengraulis mysticetus),-216156.75181818256,0.0004438842924946451,53911960.809090905,11
Lenguado boca de Dios (Cyclopsetta panamensis),-22241.76454545455,0.6415793557959475,140588.21818181817,11
Pargo de seda (Lutjanus peru),-14547.250000000005,0.2878225630453435,153827.49090909094,11
Corvina pelona (Cynoscion stolzmanni),-10481.352884615386,0.6307279480963821,69322.96666666667,9
Camarón blanco (Penaeus vannamei),-9283.383636363636,0.026165998627839415,609813.9,11
Pargo rojo (Lutjanus colorado),-8844.617272727275,0.10594845671364372,529809.1545454547,11
Cherna (Alphestes spp.),-7886.414545454544,0.11966763068078168,262029.09999999998,11
Camarón tití (Decapoda),-7684.682727272729,0.4952569805816588,77954.30909090908,11
Pargo (Lutjanidae),-6607.981818181819,0.19124809462169878,167890.96363636362,11
Congo (Bagre panamensis),-5357.000000000001,0.4517374814420382,35066.80909090909,11
Sierra (Scomberomorus sierra),-3513.509090909089,0.08458351790270857,214431.1,11
Cojinúa (Caranx caballus),-1980.8345454545463,0.08821153433917461,110523.31818181816,11
Pez aguja (Tylosurus crocodilus fodiator),-972.4200000000003,0.2613414787039148,15755.20909090909,11
Raya (Dasyatidae),-925.187272727273,0.07426081424415798,15174.118181818181,11
Pámpano (Trachinotus spp.),-916.7124384236449,0.43059828554851487,4417.233333333334,9
Cominate (Ariopsis guatemalensis),-845.0490909090913,0.38771370978899933,6921.709090909091,11
Sargento (Paralonchurus dumerilii),-785.8554545454547,0.5651668802617962,2841.2909090909093,11
Cojinúa rayada (Caranx vinctus),-531.5636363636363,0.06376486156180394,10917.863636363636,11
Pulpo (Euaxoctopus panamensis),-524.2909090909093,0.29625403602750533,2427.9,11
Barracuda (Sphyraena spp.),-496.1209956709957,0.4538927871335944,1564.98,10
Guanco (Scombridae),-454.2527272727272,0.004160855176866707,41437.57272727272,11
Cherna mantequilla (Epinephelus cifuentesi),-444.09664902998236,0.3548137231789633,1619.35,8
Jurel común (Caranx hippos),-418.6385483870969,0.020343638717286283,7505.844444444443,9
Pajarita (Peprilus medius),-357.18606060606066,0.0826903614135871,5100.15,10
Corvina bocona (Cynoscion praedatorius),-328.55181818181825,0.011625290706351987,38785.63,10
Pollera panameña (Parapsettus panamensis),-271.9055421686747,0.10888480501172892,2147.9666666666662,9
Sierra del caribe (Scomberomorus brasiliensis),-248.17727272727285,0.292495507517865,2428.045454545455,11
Bojalá (Seriola rivoliana),-208.60454545454553,0.331804397836195,1181.1909090909091,11
Pargo seda del caribe (Lutjanidae),-197.7115921787709,0.04357518928528825,1801.7777777777776,9
Salema (Sectator ocyurus),-179.68909090909096,0.027857134742966028,5766.436363636363,11
Tiburón cazón (Mustelus spp.),-149.36818181818143,0.00047546342222715143,59935.62000000001,10
Jurel ojón (Caranx sexfasciatus),-98.77756410256413,0.07732695591412042,1061.677777777778,9
Mero (Epinephelus quinquefasciatus),-84.26272727272732,0.02231902173950784,3903.1,11
Caballito (Selene peruviana),-80.1781512605042,0.03467999388956178,864.4999999999999,8
Mero del caribe  (Serranidae),-78.399000999001,0.3946230371107813,301.02000000000004,10
Tiburón (Carcharhiniformes),-60.991818181819056,4.5598457462325825e-05,155637.09090909094,11
Pargo colorado del caribe (Lutjanus purpureus),-57.834545454545456,0.02414228798442497,1083.6363636363637,11
Pargo cubera (Lutjanus cyanopterus),-56.455000000000005,0.22754429307481627,188.93333333333334,9
Longino (Oligoplites altus),-53.660909090909115,0.07695500171193392,389.1545454545454,11
Lisa (Mugil curema),-45.52636363636359,0.005632325647968006,5658.409090909091,11
Mojarra común del caribe (Diapterus auratus),-44.816783216783215,0.053140453171391155,1067.6799999999998,10
Pargo del caribe (Lutjanidae),-39.03128491620108,0.011808437401383709,1265.2777777777778,9
Macarela (Decapterus macarellus),-13.26515151515149,0.0011420954711957032,1340.8999999999999,10
Bonito (Sarda sarda),-13.090963855421686,0.038533652653757855,210.15555555555557,9
Sábalo (Megalops atlanticus),-10.924545454545461,0.19803343923582983,145.35454545454547,11
Macabi (Albula spp),-9.24727272727273,0.24710378252524556,132.0818181818182,11
Langosta espinosa del caribe (Panulirus argus),-6.312676056338028,0.10631223625987496,76.775,8
Cobia (Rachycentron canadum),-6.2009508716323305,0.32700556688670024,42.9,8
Cherna criolla (Epinephelus striatus),4.932727272727274,0.015170683637220517,82.68181818181819,11
Pargo jilguero (Lutjanus aratus),19.172727272727286,0.015266799242636409,763.3363636363636,11
Ostión (Arcidae),31.041176470588233,0.04370143395953352,314.425,8
Pez gallo (Nematistius pectoralis),75.3363636363637,0.23850942643827755,507.59090909090907,11
Concha negra (Anadara tuberculosa),75.74545454545456,0.0743618471790527,1341.2454545454548,11
Corvina de piedra (Menticirrhus nasus),83.89000000000004,0.0031977355676644503,2288.263636363636,11
Calamar (Lolliguncula spp.),93.23454545454553,0.06591814053944567,3003.418181818182,11
Pargo roquero (Hoplopagrus guentherii),114.44090909090916,0.014053245706084794,2778.9272727272732,11
Corvina rayada (Cynoscion reticulatus),136.15363636363637,0.011896995331339366,3223.7090909090907,11
Puerquita (Orthopristis chalceus),140.82010526315784,0.06258298412761854,1333.9222222222222,9
Boquipenda (Gnathanodon speciosus),185.75389610389607,0.025357774055231874,3528.29,10
Cabrilla (Cephalopholis panamensis),195.18454545454554,0.05786325809022397,3480.7272727272725,11
Langosta verde (Panulirus gracilis),204.4036363636364,0.10060998739610272,3277.5,11
Corvina chata (Larimus argenteus),207.51181818181843,0.0008363262735469057,10117.690909090908,11
Pargo amarillo (Lutjanus argentiventris),254.48363636363646,0.05474895853175077,8618.68181818182,11
Bonito (Sarda orientalis),271.6018181818182,0.006997146402451859,5974.054545454546,11
Salmonete (Mulloidichthys dentatus),399.3381818181821,0.3299365565495428,1331.2818181818184,11
Guabina (Nebris occdidentalis),496.33727272727293,0.22756373611907232,5313.6,11
Corvinata (Sciaenidae),592.0283549783549,0.044354632594905796,14620.12,10
Barbudo (Ariidae),1360.179081632653,0.36359567920294433,7791.788888888889,9
Cherna gris (Hyporthodus niphobles),1942.3554545454556,0.3027561239028852,17769.309999999998,10
Cherna roja (Hyporthodus acanthistius),2188.622727272727,0.07986074332838133,34784.63636363636,11
Alguacil (Bagre pinnimaculatus),2372.025454545456,0.384536152346834,48506.01818181818,11
Bagre (Occidentarius platypogon),2548.9963636363645,0.23183451410415645,40148.66363636364,11
Pargo dientón (Lutjanus novemfasciatus),2572.2554545454554,0.29757876872843136,18833.454545454544,11
Dorado (Coryphaena hippurus),2908.198181818168,0.0006665742293656685,882444.9272727272,11
Jurel (Caranx caninus),3058.466363636365,0.16673949006847266,71668.7,11
Cabezón (Pomadasys panamensis),3082.354545454544,0.021335913516870142,311924.23636363633,11
Berrugate (Lobotes pacifica),3312.02090909091,0.4394421466520968,29440.409090909092,11
Róbalo (Centropomus spp.),4096.742727272729,0.42114910736608835,52933.97272727273,11
Sardina (Engraulidae),4245.671326530612,0.33115113314629563,12063.133333333335,9
Corvina amarilla (Cynoscion albus),4257.817272727274,0.2942679492445296,46556.836363636365,11
Corvina (Sciaenidae),4338.5463636363675,0.024508863557962224,390544.76363636367,11
Pargo de la mancha (Lutjanus guttatus),4968.902727272729,0.46424562003892234,65021.65454545455,11
Corvina blanca (Cynoscion phoxocephalus),5140.545454545457,0.3407240356241953,51384.318181818184,11
Camarón fidel (Solenocera agassizii),5366.705454545454,0.05921058510867527,105753.48181818183,11
Camarón carabalí (Rimapenaeus byrdi),9566.304545454546,0.046462236333667306,51392.62727272727,11
Revoltura,11944.673636363645,0.3360010559447064,628749.6636363636,11
Congrio (Brotula clarkae),15493.194545454544,0.32883864400166085,144418.17272727273,11
Camarón rojo (Farfantepenaeus brevirostris),18160.786363636365,0.056803512627665365,528603.0818181819,11
Atún aleta amarilla (Thunnus albacares),187895.05000000005,0.546017791527861,1250487.8909090909,11
Arenque (Opisthonema spp.),1150891.4272727277,0.27631591423345137,24234752.10909091,11
